"url","type","priority","topic"
"https://normangilldentistry.com/dental-services/","service","1","Dental Services in Greensboro NC"
"https://normangilldentistry.com/dental-services/cosmetic-dentistry/","service","1","Cosmetic Dentist in Greensboro, NC"
"https://normangilldentistry.com/dental-services/cosmetic-dentistry/clear-aligners/","service","1","Clear Aligners in Greensboro, NC"
"https://normangilldentistry.com/dental-services/cosmetic-dentistry/crown-lengthening/","service","1","Professional Crown Lengthening Procedure in Greensboro"
"https://normangilldentistry.com/dental-services/cosmetic-dentistry/dental-bonding/","service","1","Expert Tooth Bonding in Greensboro, NC"
"https://normangilldentistry.com/dental-services/cosmetic-dentistry/gum-contouring/","service","1","Precise Gum Contouring in Greensboro NC"
"https://normangilldentistry.com/dental-services/cosmetic-dentistry/teeth-whitening/","service","1","Brilliant Teeth Whitening in Greensboro NC"
"https://normangilldentistry.com/dental-services/cosmetic-dentistry/veneers/","service","1","Porcelain Veneers in Greensboro, NC"
"https://normangilldentistry.com/dental-services/general-dentistry/","service","1","Reliable General Dentistry in Greensboro NC"
"https://normangilldentistry.com/dental-services/general-dentistry/dental-sealants/","service","1","Durable Tooth Sealants in Greensboro, NC"
"https://normangilldentistry.com/dental-services/general-dentistry/fluoride-treatment/","service","1","Strong Teeth with Fluoride Treatments in Greensboro, NC"
"https://normangilldentistry.com/dental-services/general-dentistry/mouthguards-for-sports/","service","1","High"
"https://normangilldentistry.com/dental-services/general-dentistry/oral-cancer-screening/","service","1","Advanced Oral Cancer Screening in Greensboro, NC"
"https://normangilldentistry.com/dental-services/general-dentistry/pediatrics/","service","1","Gentle Pediatric Dentistry in Greensboro, NC"
"https://normangilldentistry.com/dental-services/general-dentistry/periodontal-therapy/","service","1","Periodontal Therapy in Greensboro, NC"
"https://normangilldentistry.com/dental-services/general-dentistry/root-canals/","service","1","Pain"
"https://normangilldentistry.com/dental-services/general-dentistry/routine-cleanings/","service","1","Thorough Dental Cleanings in Greensboro NC"
"https://normangilldentistry.com/dental-services/general-dentistry/sleep-apnea/","service","1","Professional Dentist for Sleep Apnea in Greensboro, NC"
"https://normangilldentistry.com/dental-services/general-dentistry/sleep-apnea/dental-sleep-appliance/","service","1","Custom Dental Sleep Appliance in Greensboro NC"
"https://normangilldentistry.com/dental-services/general-dentistry/tmj-treatments/","service","1","Effective TMJ Treatments in Greensboro NC"
"https://normangilldentistry.com/dental-services/general-dentistry/tmj-treatments/nightguards/","service","1","Custom Nightguards in Greensboro"
"https://normangilldentistry.com/dental-services/general-dentistry/tooth-colored-fillings/","service","1","Natural"
"https://normangilldentistry.com/dental-services/general-dentistry/tooth-extractions/","service","1","Gentle & Professional Tooth Extractions in Greensboro, NC"
"https://normangilldentistry.com/dental-services/general-dentistry/wisdom-teeth-extraction/","service","1","Expert Wisdom Teeth Extractions in Greensboro, NC"
"https://normangilldentistry.com/dental-services/reconstructive-dentistry/","service","1","Dental Restorations in Greensboro NC"
"https://normangilldentistry.com/dental-services/reconstructive-dentistry/dental-bridges/","service","1","Top"
"https://normangilldentistry.com/dental-services/reconstructive-dentistry/dental-crowns/","service","1","Strong, Durable Dental Crowns in Greensboro NC"
"https://normangilldentistry.com/dental-services/reconstructive-dentistry/dental-implants/","service","1","Dental Implants in Greensboro"
"https://normangilldentistry.com/dental-services/reconstructive-dentistry/dental-implants/bone-grafting/","service","1","Expert Dental Bone Grafting in Greensboro NC"
"https://normangilldentistry.com/dental-services/reconstructive-dentistry/dentures/","service","1","Quality Dentures in Greensboro NC"
"https://normangilldentistry.com/dental-services/reconstructive-dentistry/same-day-crown/","service","1","Expert Same"
"https://normangilldentistry.com/dental-services/sedation-dentistry/","service","1","Comfortable Sedation Dentistry in Greensboro, NC"
"https://normangilldentistry.com/dental-services/sedation-dentistry/nitrous-oxide/","service","1","Nitrous Oxide Sedation in Greensboro, NC"
"https://normangilldentistry.com/","key-page","2","Dentist in Greensboro, NC"
"https://normangilldentistry.com/about-us/","key-page","2","About Us"
"https://normangilldentistry.com/about-us/blog/","key-page","2","Informative Dental Blog"
"https://normangilldentistry.com/about-us/blog/page/10/","key-page","2","Informative Dental Blog"
"https://normangilldentistry.com/about-us/blog/page/11/","key-page","2","Informative Dental Blog"
"https://normangilldentistry.com/about-us/blog/page/12/","key-page","2","Informative Dental Blog"
"https://normangilldentistry.com/about-us/blog/page/13/","key-page","2","Informative Dental Blog"
"https://normangilldentistry.com/about-us/blog/page/14/","key-page","2","Informative Dental Blog"
"https://normangilldentistry.com/about-us/blog/page/15/","key-page","2","Informative Dental Blog"
"https://normangilldentistry.com/about-us/blog/page/16/","key-page","2","Informative Dental Blog"
"https://normangilldentistry.com/about-us/blog/page/17/","key-page","2","Informative Dental Blog"
"https://normangilldentistry.com/about-us/blog/page/2/","key-page","2","Informative Dental Blog"
"https://normangilldentistry.com/about-us/blog/page/3/","key-page","2","Informative Dental Blog"
"https://normangilldentistry.com/about-us/blog/page/4/","key-page","2","Informative Dental Blog"
"https://normangilldentistry.com/about-us/blog/page/5/","key-page","2","Informative Dental Blog"
"https://normangilldentistry.com/about-us/blog/page/6/","key-page","2","Informative Dental Blog"
"https://normangilldentistry.com/about-us/blog/page/7/","key-page","2","Informative Dental Blog"
"https://normangilldentistry.com/about-us/blog/page/8/","key-page","2","Informative Dental Blog"
"https://normangilldentistry.com/about-us/blog/page/9/","key-page","2","Informative Dental Blog"
"https://normangilldentistry.com/about-us/dr-alexander-gill/","key-page","2","Experienced Dentist in Greensboro NC"
"https://normangilldentistry.com/about-us/dr-matthew-norman/","key-page","2","Skilled Dentist in Greensboro NC"
"https://normangilldentistry.com/about-us/reviews/","key-page","2","Glowing Patient Testimonials"
"https://normangilldentistry.com/contact-us/","key-page","2","Dental Office in Greensboro NC"
"https://normangilldentistry.com/location/","key-page","2","Location"
"https://normangilldentistry.com/location/greensboro-nc/","key-page","2","Dentist in Greensboro, NC"
"https://normangilldentistry.com/patients/","key-page","2","New Patients Information"
"https://normangilldentistry.com/patients/dental-insurance/","key-page","2","Affordable Dental Insurance in Greensboro NC"
"https://normangilldentistry.com/patients/frequently-asked-dental-questions/","key-page","2","Informative Dental FAQs"
"https://normangilldentistry.com/patients/patient-forms/","key-page","2","Essential Patient Forms"
"https://normangilldentistry.com/privacy-policy/","key-page","2","Privacy Policy"
"https://normangilldentistry.com/aging-and-dental-health/","blog","3","Aging and Dental Health"
"https://normangilldentistry.com/anatomy-of-a-smile-makeover/","blog","3","Anatomy of a Smile Makeover"
"https://normangilldentistry.com/antibiotic-prophylaxis-or-pre-medication/","blog","3","Antibiotic Prophylaxis or Pre"
"https://normangilldentistry.com/april-is-national-facial-protection-month/","blog","3","April is National Facial Protection Month"
"https://normangilldentistry.com/april-is-oral-cancer-awareness-month/","blog","3","April is Oral Cancer Awareness Month"
"https://normangilldentistry.com/are-dental-x-rays-safe/","blog","3","Are dental X"
"https://normangilldentistry.com/are-your-teeth-ready-for-the-big-day/","blog","3","Are your teeth ready for the big day?"
"https://normangilldentistry.com/a-spot-of-trouble/","blog","3","Dental Concerns? Find Solutions Here"
"https://normangilldentistry.com/a-variety-of-dentures-to-meet-your-needs/","blog","3","A Variety of Dentures to Meet Your Needs"
"https://normangilldentistry.com/baby-teeth-and-cavities/","blog","3","Baby Teeth and Cavities"
"https://normangilldentistry.com/back-to-school-remember-your-dental-homework/","blog","3","Back to School? Remember Your Dental Homework!"
"https://normangilldentistry.com/balancing-act/","blog","3","Balancing Act: Affect of pH Levels on Teeth & Enamel Health"
"https://normangilldentistry.com/been-a-while-come-see-us/","blog","3","Been a While? Come See Us!"
"https://normangilldentistry.com/beneficial-beverage-or-damaging-drink/","blog","3","Beneficial Beverage or Damaging Drink?"
"https://normangilldentistry.com/benefits-of-professional-whitening/","blog","3","Benefits of Professional Whitening"
"https://normangilldentistry.com/brushing-tips-for-kids/","blog","3","Brushing Tips for Kids"
"https://normangilldentistry.com/can-your-dentist-tell-if-youre-left-handed/","blog","3","Can Your Dentist Tell If You’re Left"
"https://normangilldentistry.com/celebrate-labor-day-by-getting-away/","blog","3","Celebrate Labor Day by Getting Away"
"https://normangilldentistry.com/celebrate-your-dads-smile/","blog","3","Celebrate Your Dad's Smile"
"https://normangilldentistry.com/celebrate-your-moms-smile-with-these-mothers-day-gifts/","blog","3","Celebrate Your Mom’s Smile with These Mother’s Day Gifts"
"https://normangilldentistry.com/charcoal-toothpaste/","blog","3","Charcoal Toothpaste: Myths, Risks & What Works"
"https://normangilldentistry.com/cold-comfort/","blog","3","Cold Comfort: Protect Your Health This Winter Season"
"https://normangilldentistry.com/common-emergency-care-visits-toothaches-and-abscesses/","blog","3","Common Emergency Care Visits: Toothaches and Abscesses"
"https://normangilldentistry.com/common-emergency-visits-from-lost-fillings-to-broken-dentures/","blog","3","Common Emergency Visits: Lost fillings to broken dentures"
"https://normangilldentistry.com/dental-fear-in-children-brought-on-by-parents/","blog","3","Dental Fear in Children: Brought on by parents?"
"https://normangilldentistry.com/dental-fear-in-children-brought-on-by-parents-2/","blog","3","Dental Fear in Children: Brought on by parents?"
"https://normangilldentistry.com/dental-sealants-for-baby-teeth/","blog","3","Dental Sealants for Baby Teeth?"
"https://normangilldentistry.com/dental-tips-for-your-summer-vacation/","blog","3","Dental Tips for Your Summer Vacation"
"https://normangilldentistry.com/dental-x-rays-are-they-safe/","blog","3","Dental X"
"https://normangilldentistry.com/dentist-near-greensboro-landmarks/","blog","3","Dentist Near Greensboro, NC"
"https://normangilldentistry.com/dentistry-around-the-world/","blog","3","Dentistry around the World"
"https://normangilldentistry.com/diy-cures-for-bad-breath/","blog","3","DIY Cures for Bad Breath"
"https://normangilldentistry.com/diy-teeth-whitening/","blog","3","DIY Teeth Whitening Tips"
"https://normangilldentistry.com/do-adults-need-fluoride-treatments/","blog","3","Do adults need fluoride treatments?"
"https://normangilldentistry.com/do-i-lose-my-wisdom-if-i-lose-my-wisdom-teeth/","blog","3","Do I lose my wisdom if I lose my wisdom teeth?"
"https://normangilldentistry.com/dont-let-a-dental-emergency-ruin-your-summer-vacation/","blog","3","Don’t let a dental emergency ruin your summer vacation!"
"https://normangilldentistry.com/do-spring-allergies-mean-blooming-dental-problems/","blog","3","Do Spring Allergies Mean (B)Looming Dental Problems?"
"https://normangilldentistry.com/earth-day/","blog","3","Celebrate Earth Day: Eco"
"https://normangilldentistry.com/every-day-is-earth-day/","blog","3","Every Day is Earth Day"
"https://normangilldentistry.com/everything-you-need-to-know-about-dental-implants/","blog","3","Everything You Need To Know About Dental Implants"
"https://normangilldentistry.com/falls-in-the-air-think-fall-dental-care/","blog","3","Fall’s in the Air? Think Fall Dental Care"
"https://normangilldentistry.com/famous-dentists-in-history/","blog","3","Famous Dentists in History"
"https://normangilldentistry.com/faqs-about-crowns-and-bridges/","blog","3","FAQs About Crowns and Bridges"
"https://normangilldentistry.com/february-is-heart-month/","blog","3","February is Heart Month"
"https://normangilldentistry.com/fewer-adults-are-visiting-the-dentist/","blog","3","Fewer Adults are Visiting the Dentist"
"https://normangilldentistry.com/finding-the-right-dental-products-for-your-child/","blog","3","Finding the Right Dental Products for Your Child"
"https://normangilldentistry.com/find-out-how-your-diet-can-cause-cavities/","blog","3","Find Out how Your Diet can Cause Cavities"
"https://normangilldentistry.com/flossing-fact-or-flossing-fiction/","blog","3","Flossing Fact or Flossing Fiction?"
"https://normangilldentistry.com/foods-can-wreak-havoc-on-your-enamel/","blog","3","Foods Can Wreak Havoc on Your Enamel"
"https://normangilldentistry.com/forget-something-its-on-the-tip-of-your-tongue/","blog","3","Forget Something? It’s on the Tip of Your Tongue!"
"https://normangilldentistry.com/four-oral-health-issues-seniors-face/","blog","3","Four Oral Health Issues Seniors Face"
"https://normangilldentistry.com/fun-facts-for-the-fourth/","blog","3","Fun Facts for the Fourth"
"https://normangilldentistry.com/germs-living-on-my-toothbrush-say-it-aint-so/","blog","3","Germs living on my toothbrush? Say it ain’t so!"
"https://normangilldentistry.com/getting-ready-for-winter/","blog","3","Getting Ready for Winter"
"https://normangilldentistry.com/getting-to-the-bottom-of-chewing-gum-myths/","blog","3","Getting to the Bottom of Chewing Gum Myths"
"https://normangilldentistry.com/get-your-teeth-whitened-in-the-dental-office/","blog","3","Get Your Teeth Whitened in the Dental Office"
"https://normangilldentistry.com/go-green-for-st-patricks-day/","blog","3","Go Green for St. Patrick’s Day"
"https://normangilldentistry.com/going-green-for-st-patricks-day/","blog","3","Going Green for St. Patrick’s Day?"
"https://normangilldentistry.com/going-green-for-the-new-year/","blog","3","Going Green for the New Year"
"https://normangilldentistry.com/good-nutrition-leads-to-healthy-mouths/","blog","3","Good Nutrition Leads to Healthy Mouths"
"https://normangilldentistry.com/good-oral-health-habits-when-youre-pregnant/","blog","3","Good Oral Health Habits When You’re Pregnant"
"https://normangilldentistry.com/gum-disease-in-children/","blog","3","Gum Disease in Children"
"https://normangilldentistry.com/halloween-candy-costumes-and-more/","blog","3","Halloween: Candy, costumes, and more!"
"https://normangilldentistry.com/happy-fourth-of-july/","blog","3","Happy Fourth of July!"
"https://normangilldentistry.com/happy-fourth-of-july-2/","blog","3","Happy Fourth of July: Interesting & Fun Facts"
"https://normangilldentistry.com/happy-gums-happy-heart/","blog","3","Happy Gums, Happy Heart!"
"https://normangilldentistry.com/happy-holidays-healthy-holidays/","blog","3","Happy Holidays! Healthy Holidays!"
"https://normangilldentistry.com/happy-labor-day/","blog","3","Celebrate Labor Day with a Smile"
"https://normangilldentistry.com/headaches-the-dental-connection/","blog","3","Headaches: The Dental Connection"
"https://normangilldentistry.com/healthy-diet-healthier-gums/","blog","3","Healthy Diet, Healthier Gums?"
"https://normangilldentistry.com/healthy-resolutions-for-healthy-teeth/","blog","3","Healthy Resolutions for Healthy Teeth"
"https://normangilldentistry.com/heart-disease-and-oral-health/","blog","3","Heart Disease and Oral Health"
"https://normangilldentistry.com/hot-day-three-drinks-to-leave-home-when-youre-packing-the-cooler/","blog","3","Three Drinks to Leave Home When You’re Packing the Cooler"
"https://normangilldentistry.com/how-can-i-protect-my-childs-teeth-during-sports/","blog","3","How can I protect my child's teeth during sports?"
"https://normangilldentistry.com/how-can-parents-help-prevent-tooth-decay/","blog","3","How can parents help prevent tooth decay?"
"https://normangilldentistry.com/how-do-i-handle-my-childs-dental-emergency/","blog","3","How do I handle my child’s dental emergency?"
"https://normangilldentistry.com/how-implants-support-teeth-and-jaw-structure/","blog","3","How Implants Support Teeth and Jaw Structure"
"https://normangilldentistry.com/how-missing-teeth-can-affect-your-health/","blog","3","How Missing Teeth Can Affect Your Health"
"https://normangilldentistry.com/how-sedation-dentistry-can-help-you-overcome-dental-anxiety/","blog","3","How Sedation Dentistry Can Help You Overcome Dental Anxiety"
"https://normangilldentistry.com/hpv-and-oral-cancer/","blog","3","HPV and Oral Cancer: What You Need to Know"
"https://normangilldentistry.com/i-have-fluoride-toothpaste-and-fluoridated-water-do-i-need-a-fluoride-treatment/","blog","3","Do I need a fluoride treatment?"
"https://normangilldentistry.com/im-on-a-diet-and-getting-more-cavities/","blog","3","I’m on a diet and getting MORE cavities!"
"https://normangilldentistry.com/infant-teething-remedies-what-might-help-and-what-to-avoid/","blog","3","Infant Teething Remedies: What Might Help—And What to Avoid"
"https://normangilldentistry.com/intraoral-cameras/","blog","3","How Intraoral Cameras Enhance Your Dental Care and Comfort"
"https://normangilldentistry.com/is-sedation-dentistry-right-for-me/","blog","3","Is sedation dentistry right for me?"
"https://normangilldentistry.com/its-a-wrap-ending-the-year-with-a-smile/","blog","3","It's a Wrap: Ending the year with a smile!"
"https://normangilldentistry.com/labor-day-our-favorite-holiday-to-rest/","blog","3","Labor Day: Our favorite holiday to rest!"
"https://normangilldentistry.com/love-your-new-smile-tell-us-about-it/","blog","3","Love your new smile? Tell us about it!"
"https://normangilldentistry.com/make-every-day-earth-day/","blog","3","Make Every Day Earth Day"
"https://normangilldentistry.com/make-this-the-year-you-stop-smoking/","blog","3","Make this the Year You Stop Smoking"
"https://normangilldentistry.com/make-your-childs-next-visit-to-our-office-great/","blog","3","Make your child’s next visit to our office great!"
"https://normangilldentistry.com/march-is-national-nutrition-month/","blog","3","March is National Nutrition Month!"
"https://normangilldentistry.com/may-marks-national-physical-fitness-and-sports-month/","blog","3","May Marks National Physical Fitness and Sports Month!"
"https://normangilldentistry.com/medication-can-lead-to-xerostomia-in-women/","blog","3","Medication Can Lead To Xerostomia in Women"
"https://normangilldentistry.com/memorial-day/","blog","3","Memorial Day: What Are We Celebrating?"
"https://normangilldentistry.com/memorial-day-and-getting-ready-for-summer/","blog","3","Memorial Day and Getting Ready for Summer"
"https://normangilldentistry.com/memorial-day-parades-remembrance-and-the-unofficial-start-of-summer/","blog","3","Memorial Day: Honor and Celebrate"
"https://normangilldentistry.com/morning-sickness-and-your-oral-health/","blog","3","Morning Sickness and Your Oral Health"
"https://normangilldentistry.com/mouthguard-qa/","blog","3","Mouthguard Q&A: Our Greensboro, NC Dentists Explain"
"https://normangilldentistry.com/my-child-has-autism-what-should-we-expect-at-your-office/","blog","3","My child has autism. What should we expect at your office?"
"https://normangilldentistry.com/my-gums-are-shrinking/","blog","3","My gums are shrinking!"
"https://normangilldentistry.com/november-marks-national-diabetes-awareness-month/","blog","3","November Marks National Diabetes Awareness Month"
"https://normangilldentistry.com/oral-health-concerns-for-teens/","blog","3","Oral Health Concerns for Teens"
"https://normangilldentistry.com/oral-health-concerns-specific-to-pregnant-women/","blog","3","Oral Health Concerns Specific to Pregnant Women"
"https://normangilldentistry.com/oral-health-problems-an-indicator-of-overall-health-problems/","blog","3","Oral Health Problems: Indicator of overall health problems?"
"https://normangilldentistry.com/post-procedure-care/","blog","3","Essential Post"
"https://normangilldentistry.com/relax-with-sedation-dentistry/","blog","3","Relax with Sedation Dentistry"
"https://normangilldentistry.com/root-canal-recovery/","blog","3","Root Canal Recovery: Tips for Comfortable Healing"
"https://normangilldentistry.com/root-cavities/","blog","3","Understanding Root Cavities: Risks, Prevention & Treatment"
"https://normangilldentistry.com/september-is-national-gum-care-month/","blog","3","September is National Gum Care Month!"
"https://normangilldentistry.com/socket-preservation/","blog","3","Why Socket Preservation Matters for Future Dental Implants"
"https://normangilldentistry.com/steer-clear-of-that-candy/","blog","3","Steer clear of that candy!"
"https://normangilldentistry.com/st-patricks-day/","blog","3","St. Patrick’s Day Dental Tips"
"https://normangilldentistry.com/suffer-from-tooth-discoloration-dont-panic/","blog","3","Suffer from tooth discoloration? Don’t panic!"
"https://normangilldentistry.com/summer-treats-for-healthy-teeth/","blog","3","Summer Treats for Healthy Teeth"
"https://normangilldentistry.com/teeth-grinding/","blog","3","Teeth Grinding: What You Need to Know"
"https://normangilldentistry.com/teeth-grinding-2/","blog","3","Teeth Grinding: How It Affects Your Sleep"
"https://normangilldentistry.com/teeth-grinding-can-damage-your-teeth/","blog","3","Teeth Grinding Can Damage Your Teeth"
"https://normangilldentistry.com/teeth-whitening-and-your-smile/","blog","3","Teeth Whitening and Your Smile"
"https://normangilldentistry.com/teeth-whitening-for-a-bright-summer/","blog","3","Teeth Whitening For a Bright Summer"
"https://normangilldentistry.com/ten-fun-things-to-do-with-your-old-toothbrush/","blog","3","Ten Fun Things to Do with Your Old Toothbrush"
"https://normangilldentistry.com/thanksgiving/","blog","3","Thanksgiving: Unique Celebrations"
"https://normangilldentistry.com/thanksgiving-in-north-america/","blog","3","Thanksgiving in North America"
"https://normangilldentistry.com/thanksgiving-trivia/","blog","3","Fun Thanksgiving Trivia to Share with Family & Friends"
"https://normangilldentistry.com/the-best-dh-in-baseball/","blog","3","The Best DH in Baseball"
"https://normangilldentistry.com/the-dog-days-of-summer/","blog","3","The Dog Days of Summer"
"https://normangilldentistry.com/the-effects-of-biting-your-nails/","blog","3","The Effects of Biting Your Nails"
"https://normangilldentistry.com/the-five-most-common-reasons-for-emergency-visits/","blog","3","The Five Most Common Reasons for Emergency Visits"
"https://normangilldentistry.com/the-importance-of-baby-teeth/","blog","3","The Importance of Baby Teeth"
"https://normangilldentistry.com/the-intriguing-history-of-halloween/","blog","3","The Intriguing History of Halloween"
"https://normangilldentistry.com/the-origins-of-valentines-day/","blog","3","The Origins of Valentine's Day"
"https://normangilldentistry.com/the-perks-of-dairy/","blog","3","The Perks of Dairy: The Benefits for Your Child's Teeth"
"https://normangilldentistry.com/the-start-of-valentines-day/","blog","3","The Start of Valentine’s Day"
"https://normangilldentistry.com/the-transformation-of-valentines-day/","blog","3","The Transformation of Valentine's Day"
"https://normangilldentistry.com/things-you-probably-didnt-know-about-new-years-eve/","blog","3","Things You Probably Didn’t Know About New Year's Eve"
"https://normangilldentistry.com/three-must-have-dental-treatments/","blog","3","Three Must"
"https://normangilldentistry.com/three-must-have-dental-treatments-2/","blog","3","Three Must"
"https://normangilldentistry.com/three-reasons-were-fans-of-fluoride/","blog","3","Three Reasons We're Fans of Fluoride"
"https://normangilldentistry.com/tips-for-lifelong-teeth-whitening/","blog","3","Tips for Lifelong Teeth Whitening"
"https://normangilldentistry.com/tis-the-season-for-healthy-dental-choices/","blog","3","‘Tis the Season—for Healthy Dental Choices!"
"https://normangilldentistry.com/toothache-a-dentist-or-the-emergency-room/","blog","3","Toothache: A dentist or the emergency room?"
"https://normangilldentistry.com/toothaches-and-abscesses/","blog","3","Toothaches and Abscesses"
"https://normangilldentistry.com/tooth-protection-and-winter-sports/","blog","3","Tooth Protection and Winter Sports"
"https://normangilldentistry.com/top-reasons-people-choose-veneers/","blog","3","Top Reasons People Choose Veneers"
"https://normangilldentistry.com/treatment-options-for-tmd/","blog","3","Treatment Options for TMD"
"https://normangilldentistry.com/water-features/","blog","3","Water Features: Protecting Your Smile This Summer"
"https://normangilldentistry.com/ways-to-prevent-oral-cancer/","blog","3","Ways to Prevent Oral Cancer"
"https://normangilldentistry.com/welcome-to-our-blog/","blog","3","Welcome to Our Blog!"
"https://normangilldentistry.com/what-are-chalky-teeth/","blog","3","What Are Chalky Teeth?"
"https://normangilldentistry.com/what-are-dental-implants/","blog","3","What are dental implants?"
"https://normangilldentistry.com/what-are-dental-sealants/","blog","3","What Are Dental Sealants?"
"https://normangilldentistry.com/what-crowns-and-bridges-can-do-for-your-smile/","blog","3","What Crowns And Bridges Can Do For Your Smile"
"https://normangilldentistry.com/what-exactly-is-tinnitus/","blog","3","What exactly is tinnitus?"
"https://normangilldentistry.com/what-happens-during-my-hygiene-appointment/","blog","3","What happens during my hygiene appointment?"
"https://normangilldentistry.com/what-is-comprehensive-dentistry/","blog","3","What Is Comprehensive Dentistry?"
"https://normangilldentistry.com/what-not-to-eat-after-wisdom-teeth-extraction/","blog","3","What NOT to Eat after Wisdom Teeth Extraction"
"https://normangilldentistry.com/whats-on-your-fall-reading-list/","blog","3","What's on your fall reading list?"
"https://normangilldentistry.com/whats-the-best-dental-floss/","blog","3","What's the best dental floss?"
"https://normangilldentistry.com/whats-the-connection-between-gum-disease-and-diabetes/","blog","3","What's the connection between gum disease and diabetes?"
"https://normangilldentistry.com/what-to-do-about-sensitive-teeth/","blog","3","What to do about Sensitive Teeth"
"https://normangilldentistry.com/what-was-your-favorite-part-of-summer/","blog","3","What was your favorite part of summer?"
"https://normangilldentistry.com/when-to-replace-fillings/","blog","3","When to Replace Fillings"
"https://normangilldentistry.com/when-was-your-last-dental-checkup/","blog","3","When was your last dental checkup?"
"https://normangilldentistry.com/which-whitening-is-right-for-you/","blog","3","Which whitening is right for you?"
"https://normangilldentistry.com/why-is-my-child-getting-cavities/","blog","3","Why Is My Child Getting Cavities?"
"https://normangilldentistry.com/wiggle-room/","blog","3","Wiggle Room: Why Your Teeth May Feel Loose During Pregnancy"
"https://normangilldentistry.com/wishing-all-our-moms-a-happy-mothers-day/","blog","3","Wishing all our moms a happy Mother’s Day!"
"https://normangilldentistry.com/year-end-insurance-reminder/","blog","3","Year"
